Precio|츼rea (m)|Ubicaci칩n|Habitaciones|Ba침os|Nombre de la agencia|T칤tulo de la propiedad|Instalaciones
135000|100|Distrito Metropolitano de Quito|3|2|GS CONSTRUCCIONES Y BIENES RA칈CES|Vendo Acogedor Departamento 3 Dormitorios - Bellavista Baja|N/A
280000|341|Distrito Metropolitano de Quito|3|5|GS CONSTRUCCIONES Y BIENES RA칈CES|Vendo Moderno Ph 3 Dormitorios Con Terraza Cubierta - Bellavista Baja|Estacionamiento, Cocina equipada, Cocina integral, Armario empotrado, Gas natural, Chimenea, Agua, Electricidad, Completamente amoblado, Terraza, Gimnasio, 츼rea para ni침os, Ascensor, Jard칤n, Conserje, Parrilla, Garita de guardian칤a, Acceso para personas con discapacidad
110000|183|Distrito Metropolitano de Quito|3|4|Johanna Chalen - Remax Impacta|Departamento En Venta Ponceano Alto. Zona Residencial Y Tranquila|Estacionamiento, Cocina equipada, Cocina integral, Cuarto de servicio, Armario empotrado, Gas natural, Agua, Electricidad, Terraza, Gimnasio, Ascensor, Conserje, Parrilla, Garita de guardian칤a, Acceso para personas con discapacidad
96900|105|Distrito Metropolitano de Quito|2|2|Emerson Medina - Inmoimpakto|Vendo游낇departamento Seminuevo Con Patio, 2 Habitaciones En Ponceano Alto|Estacionamiento, Alarma, Armario empotrado, Chimenea, Agua, Sin amoblar, Jard칤n, Conserje
95000|140|Distrito Metropolitano de Quito|3|3|Cbr. Ximena Loma - Bienes Ra칤ces LM|Departamento 3 Habitaciones - Norte De Quito - Eloy Alfaro - Solca|Patio, Sin amoblar
95000|140|Distrito Metropolitano de Quito|3|3|Cbr. Ximena Loma - Bienes Ra칤ces LM|Departamento Norte De Quito - Sector Solca - De Los Alamos - Cerca De Embajada Americana|Estacionamiento, Internet, Cocina equipada, Cocina integral, Armario empotrado, Gas natural, Agua, Electricidad, Sin amoblar, Terraza, Seguridad, Ascensor, Conserje, Garita de guardian칤a, Acceso para personas con discapacidad
136000|93|Distrito Metropolitano de Quito|3|2|Fernando Falconi|Vendo Departamento 3 Habitaciones|Estacionamiento, Cocina equipada, Cocina integral, Armario empotrado, Agua, Electricidad, Sin amoblar, Seguridad, Ascensor, Conserje, Garita de guardian칤a
136000|93|Distrito Metropolitano de Quito|3|2|Fernando Falconi|Vendo Departamento 3 Habitaciones|Estacionamiento, Cocina equipada, Cocina integral, Vista panor치mica, Alarma, Armario empotrado, Gas natural, Agua, Electricidad, Seguridad, Ascensor, Conserje, Garita de guardian칤a, Acceso para personas con discapacidad
150000|308|Distrito Metropolitano de Quito|3|3|Carolina Silva|Venta De Departamento Carcelen, Cerca Al Colegio Americano, Norte De Quito|Estacionamiento, Cocina equipada, Cocina integral, Vista panor치mica, Alarma, Armario empotrado, Gas natural, Agua, Electricidad, Seguridad, Ascensor, Conserje, Garita de guardian칤a, Acceso para personas con discapacidad
150000|128|Distrito Metropolitano de Quito|2|2|Carolina Silva|Venta Departamento Monteserrin|Estacionamiento, Internet, Balc칩n, Cocina equipada, Cocina integral, Vista panor치mica, Patio, Cuarto de servicio, Alarma, Armario empotrado, Agua, Electricidad, Sin amoblar, Terraza, Seguridad, 츼rea para ni침os, Jard칤n, Conserje, Parrilla, Garita de guardian칤a, Acceso para personas con discapacidad
450000|200|Distrito Metropolitano de Quito|3|4|Carolina Silva|Venta De Departamento Sector Cumbaya Cerca A La Universidad San Francisco|Estacionamiento, Internet, Balc칩n, Cocina equipada, Cocina integral, Vista panor치mica, Alarma, Armario empotrado, Gas natural, Agua, Electricidad, Sin amoblar, Terraza, Seguridad, Gimnasio, 츼rea para ni침os, Ascensor, Jard칤n, Conserje, Parrilla, Garita de guardian칤a, Acceso para personas con discapacidad
112000|105|Distrito Metropolitano de Quito|3|2|Ing. Roberto Alarc칩n|Departamento De Venta En Tumbaco|Estacionamiento, Internet, Aire acondicionado, Balc칩n, Cocina equipada, Calefacci칩n, Cocina integral, Jacuzzi, Vista panor치mica, Patio, Cuarto de servicio, Alarma, Armario empotrado, Gas natural, Chimenea, Agua, Electricidad, Terraza, Seguridad, Gimnasio, Piscina, 츼rea para ni침os, Ascensor, Sauna, Jard칤n, Conserje, Parrilla, Garita de guardian칤a, Acceso para personas con discapacidad, Cancha de tenis
157899|87|Distrito Metropolitano de Quito|2|2|Andres Altamirano|Departamento De Venta, Sector La Carolina, 2 Dormitorios, Por Estrenar, Vista, Increibles Amenidades|Estacionamiento, Cocina equipada, Cocina integral, Patio, Alarma, Armario empotrado, Agua, Electricidad, Sin amoblar, Piscina, 츼rea para ni침os, Jard칤n, Conserje, Garita de guardian칤a
246286|137|Distrito Metropolitano de Quito|3|3|Andres Altamirano|Departamento En Venta, 3 Dormitorios, Sector La Carolina, Por Estrenar, Vista|Estacionamiento, Balc칩n, Cocina integral, Jacuzzi, Sin amoblar, Terraza, Seguridad, Gimnasio, 츼rea para ni침os, Ascensor, Sauna, Parrilla, Garita de guardian칤a
380000|350|Distrito Metropolitano de Quito|3|4|MIRAI|Excelente Departamento En Venta Centro Norte De Quito Calle Jimenez De La Espada|Estacionamiento, Balc칩n, Jacuzzi, Sin amoblar, Terraza, Seguridad, Gimnasio, 츼rea para ni침os, Ascensor
80000|130|Distrito Metropolitano de Quito|2|2|MIRAI|Excelente Departamento En Venta Centrro Norte De Quito Eloy Alfaro Y Gaspar De Villaruel|Estacionamiento, Internet, Cocina equipada, Cocina integral, Jacuzzi, Patio, Cuarto de servicio, Alarma, Gas natural, Chimenea, Agua, Electricidad, Sin amoblar, Seguridad, Ascensor, Jard칤n, Conserje, Parrilla, Garita de guardian칤a, Acceso para personas con discapacidad
175000|134|Metropolitan District of Quito|3|2|MIRAI|Excelente Departamento En Venta Centro Norte De Quito Granda Centeno|Estacionamiento, Cocina equipada, Vista panor치mica, Patio, Armario empotrado, Agua, Electricidad, Parcialmente amoblado, Terraza, Ascensor, Conserje, Garita de guardian칤a, Acceso para personas con discapacidad
210000|209|Metropolitan District of Quito|7|6|Horizonte Azul|Departamento D칰plex En Venta - Sector Agua Clara, Quito|Estacionamiento, Balc칩n, Cocina equipada, Cocina integral, Vista panor치mica, Alarma, Armario empotrado, Electricidad, Sin amoblar, Terraza, Piscina, Ascensor, Conserje, Parrilla, Garita de guardian칤a, Acceso para personas con discapacidad
115000|102|Distrito Metropolitano de Quito|3|1|Horizonte Azul|Venta De Departamento, Sector Av. De La Prensa|Estacionamiento, Balc칩n, Jacuzzi, Patio, Armario empotrado, Agua, Electricidad, Completamente amoblado, Terraza, Sauna, Conserje, Parrilla
110000|220|Distrito Metropolitano de Quito|3|3|Horizonte Azul|Venta De Departamento - Sector El Inca, Quito|Estacionamiento, Patio, Agua, Electricidad, Terraza, Conserje
95000|91|Distrito Metropolitano de Quito|2|1|Horizonte Azul|Venta De Departamento, Sector Av. De La Prensa|Estacionamiento, Patio, Agua, Terraza, 츼rea para ni침os, Ascensor, Conserje, Parrilla, Garita de guardian칤a
640000|650|Quito|5|6|MIRAI|Excelente Penthouse Duplex En Venta Centro Norte Quito Tenis|Estacionamiento, Patio, Agua, Electricidad, Conserje
210000|198|Quito|3|4|MIRAI|Departamento En Venta Centro Norte De Quito Calle Bosmediano Y Carlos Guerrero|Estacionamiento, Balc칩n, Cocina equipada, Cocina integral, Jacuzzi, Vista panor치mica, Patio, Cuarto de servicio, Alarma, Armario empotrado, Chimenea, Agua, Electricidad, Sin amoblar, Terraza, Seguridad, Sauna, Jard칤n, Conserje, Parrilla, Garita de guardian칤a
48000|55|Distrito Metropolitano de Quito|3|1|GS CONSTRUCCIONES Y BIENES RA칈CES|Departamento De 3 Dormitorios En Venta - Sector Ponceano|Estacionamiento, Balc칩n, Cocina equipada, Cocina integral, Alarma, Armario empotrado, Chimenea, Agua, Electricidad, Sin amoblar, Terraza, Ascensor, Conserje, Parrilla, Garita de guardian칤a, Acceso para personas con discapacidad
118000|133|Distrito Metropolitano de Quito|3|3|GS CONSTRUCCIONES Y BIENES RA칈CES|Departamento De 3 Dormitorios En Venta En La Jipijapa|Estacionamiento, Agua, Electricidad, Sin amoblar, Jard칤n, Conserje
50000|74|Distrito Metropolitano de Quito|3|1|Diego Germ치n Unda - Remax Impacta|Vendo Departamento Al Norte De Quito|Estacionamiento, Patio, Electricidad, Conserje
195000|156|Distrito Metropolitano de Quito|3|4|GS CONSTRUCCIONES Y BIENES RA칈CES|Vendo Moderno Departamento 3 Dormitorios - Bellavista Baja|Estacionamiento, Patio, Armario empotrado, Agua, Electricidad, Sin amoblar, Terraza, Seguridad, 츼rea para ni침os, Conserje, Garita de guardian칤a
220000|155|Distrito Metropolitano de Quito|3|2|Inmoejecutivos|Espectacular Departamento De Venta En Cumbay치|Estacionamiento, Balc칩n, Calefacci칩n, Cocina integral, Armario empotrado, Agua, Electricidad, Completamente amoblado, Terraza, Seguridad, Gimnasio, 츼rea para ni침os, Ascensor, Jard칤n, Conserje, Parrilla, Garita de guardian칤a, Acceso para personas con discapacidad
683000|527|Distrito Metropolitano de Quito|4|5|Proyectos con Futuro|Departamento De Venta Por Estrenar Cumbaya Con Vista, Patio Y Jardin Dentro De Urbanizacion Privada|Estacionamiento, Internet, Balc칩n, Cocina integral, Vista panor치mica, Patio, Armario empotrado, Agua, Electricidad, Parcialmente amoblado, Terraza, Seguridad, Gimnasio, 츼rea para ni침os, Ascensor, Jard칤n, Conserje, Parrilla, Garita de guardian칤a, Acceso para personas con discapacidad
118000|120|Distrito Metropolitano de Quito|3|2|Inmoejecutivos|Vendo Departamento Remodelado Av Gaspar De Villarroel Y Eloy Alfaro.|Estacionamiento, Internet, Balc칩n, Cocina equipada, Cocina integral, Jacuzzi, Vista panor치mica, Patio, Cuarto de servicio, Alarma, Armario empotrado, Agua, Electricidad, Sin amoblar, Terraza, Seguridad, Gimnasio, Piscina, 츼rea para ni침os, Ascensor, Sauna, Jard칤n, Conserje, Parrilla, Garita de guardian칤a, Acceso para personas con discapacidad, Cancha de tenis
